"evidence_item","status","what_it_supports","synthetic_marker"
"Fictional agreement","Included","Example terms and period","SYNTHETIC"
"Approved budget","Included","Budget categories","SYNTHETIC"
"Ledger","Included","Illustrative transactions","SYNTHETIC"
"Account mapping","Included","Illustrative category mapping","SYNTHETIC"
"Program update","Included","Fictional explanation","SYNTHETIC"
"Attendance summary","Included","Synthetic result summary","SYNTHETIC"
"Overspend approval","Missing","Required open item","SYNTHETIC"
"Original receipts/invoices/payroll","Missing","Required finance support","SYNTHETIC"
"Participant-level attendance","Missing","Required program support","SYNTHETIC"
"Finance/program reviewer sign-offs","Missing","Required review","SYNTHETIC"
