"transaction_id","date","grant_code","account_code","amount_usd","synthetic_marker"
"SYN-T001","2026-07-28","SYN-2026-001","6100","10800","SYNTHETIC"
"SYN-T002","2026-08-28","SYN-2026-001","6100","10800","SYNTHETIC"
"SYN-T003","2026-09-28","SYN-2026-001","6100","10800","SYNTHETIC"
"SYN-T004","2026-07-28","SYN-2026-001","6200","4000","SYNTHETIC"
"SYN-T005","2026-08-28","SYN-2026-001","6200","4800","SYNTHETIC"
"SYN-T006","2026-09-28","SYN-2026-001","6200","5000","SYNTHETIC"
"SYN-T007","2026-07-28","SYN-2026-001","6300","1200","SYNTHETIC"
"SYN-T008","2026-08-28","SYN-2026-001","6300","1400","SYNTHETIC"
"SYN-T009","2026-09-28","SYN-2026-001","6300","1600","SYNTHETIC"
"SYN-T010","2026-07-28","SYN-2026-001","6400","1500","SYNTHETIC"
"SYN-T011","2026-08-28","SYN-2026-001","6400","1700","SYNTHETIC"
"SYN-T012","2026-09-28","SYN-2026-001","6400","1800","SYNTHETIC"
"SYN-T013","2026-09-30","SYN-2026-001","6400","-200","SYNTHETIC"
"SYN-T014","2026-10-01","SYN-2026-001","6300","1200","SYNTHETIC"
"SYN-T015","2026-09-30","SYN-2026-002","6400","800","SYNTHETIC"
